{"cameraMode":{"drawMode":0,"name":"Shaded","section":"Shading Mode"},"sceneLighting":true,"audioPlay":false,"sceneViewState":{"m_AlwaysRefresh":false,"showFog":true,"showSkybox":true,"showFlares":true,"showImageEffects":true,"showParticleSystems":true,"showVisualEffectGraphs":true,"m_FxEnabled":true},"in2DMode":false,"pivot":{"x":14.085875511169434,"y":0.03407924249768257,"z":-2.4306066036224367},"rotation":{"x":-0.09132624417543411,"y":-0.0874195322394371,"z":0.00804887805134058,"w":-0.9919371008872986},"size":0.7060835361480713,"orthographic":false}