{"cameraMode":{"drawMode":0,"name":"Shaded","section":"Shading Mode"},"sceneLighting":true,"audioPlay":false,"sceneViewState":{"m_AlwaysRefresh":false,"showFog":true,"showSkybox":true,"showFlares":true,"showImageEffects":true,"showParticleSystems":true,"showVisualEffectGraphs":true,"m_FxEnabled":true},"in2DMode":false,"pivot":{"x":4.079837799072266,"y":3.2152862548828127,"z":1.6376609802246094},"rotation":{"x":0.13003112375736237,"y":0.03865871950984001,"z":-0.005073821172118187,"w":0.9907432198524475},"size":24.522619247436525,"orthographic":false}