{"cameraMode":{"drawMode":0,"name":"Shaded","section":"Shading Mode"},"sceneLighting":true,"audioPlay":false,"sceneViewState":{"m_AlwaysRefresh":false,"showFog":true,"showSkybox":true,"showFlares":true,"showImageEffects":true,"showParticleSystems":true,"showVisualEffectGraphs":true,"m_FxEnabled":true},"in2DMode":false,"pivot":{"x":0.03389996662735939,"y":0.7551479935646057,"z":-7.604511737823486},"rotation":{"x":-0.03920697793364525,"y":0.21853630244731904,"z":0.008787824772298336,"w":0.9750010371208191},"size":1.0566596984863282,"orthographic":false}